Bay_Name,Capacity_m3
LF-A10,2.7
LF-A12,2.7
LF-A14,2.7
LF-A16,2.7
LF-A18,2.7
LF-A2,2.7
LF-A4,2.7
LF-A6,2.7
LF-A8,2.7
LF-B1,2.7
LF-B10,2.7
LF-B11,2.7
LF-B12,2.7
LF-B13,2.7
LF-B14,2.7
LF-B15,2.7
LF-B16,2.7
LF-B17,2.7
LF-B18,2.7
LF-B2,2.7
LF-B3,2.7
LF-B4,2.7
LF-B5,2.7
LF-B6,2.7
LF-B7,2.7
LF-B8,2.7
LF-B9,2.7
LF-C1,2.7
LF-C10,2.7
LF-C11,2.7
LF-C12,2.7
LF-C13,2.7
LF-C14,2.7
LF-C15,2.7
LF-C16,2.7
LF-C17,2.7
LF-C18,2.7
LF-C2,2.7
LF-C3,2.7
LF-C4,2.7
LF-C5,2.7
LF-C6,2.7
LF-C7,2.7
LF-C8,2.7
LF-C9,2.7
LF-D1,2.7
LF-D10,2.7
LF-D11,2.7
LF-D12,2.7
LF-D13,2.7
LF-D14,2.7
LF-D15,2.7
LF-D16,2.7
LF-D17,2.7
LF-D18,2.7
LF-D2,2.7
LF-D3,2.7
LF-D4,2.7
LF-D5,2.7
LF-D6,2.7
LF-D7,2.7
LF-D8,2.7
LF-D9,2.7
LS-A1,2.7
LS-A10,2.7
LS-A11,2.7
LS-A12,2.7
LS-A13,2.7
LS-A14,2.7
LS-A15,2.7
LS-A16,2.7
LS-A17,2.7
LS-A2,2.7
LS-A3,2.7
LS-A4,2.7
LS-A5,2.7
LS-A6,2.7
LS-A7,2.7
LS-A8,2.7
LS-A9,2.7
LS-B1,2.7
LS-B10,2.7
LS-B11,2.7
LS-B12,2.7
LS-B13,2.7
LS-B14,2.7
LS-B15,2.7
LS-B16,2.7
LS-B17,2.7
LS-B18,2.7
LS-B2,2.7
LS-B3,2.7
LS-B4,2.7
LS-B5,2.7
LS-B6,2.7
LS-B7,2.7
LS-B8,2.7
LS-B9,2.7
LS-C1,2.7
LS-C10,2.7
LS-C11,2.7
LS-C12,2.7
LS-C13,2.7
LS-C14,2.7
LS-C15,2.7
LS-C16,2.7
LS-C17,2.7
LS-C18,2.7
LS-C2,2.7
LS-C3,2.7
LS-C4,2.7
LS-C5,2.7
LS-C6,2.7
LS-C7,2.7
LS-C8,2.7
LS-C9,2.7
LS-D1,2.7
LS-D10,2.7
LS-D11,2.7
LS-D12,2.7
LS-D13,2.7
LS-D14,2.7
LS-D15,2.7
LS-D16,2.7
LS-D17,2.7
LS-D18,2.7
LS-D2,2.7
LS-D3,2.7
LS-D4,2.7
LS-D5,2.7
LS-D6,2.7
LS-D7,2.7
LS-D8,2.7
LS-D9,2.7
LS-E1,2.7
LS-E10,2.7
LS-E11,2.7
LS-E12,2.7
LS-E13,2.7
LS-E14,2.7
LS-E15,2.7
LS-E16,2.7
LS-E17,2.7
LS-E18,2.7
LS-E2,2.7
LS-E3,2.7
LS-E4,2.7
LS-E5,2.7
LS-E6,2.7
LS-E7,2.7
LS-E8,2.7
LS-E9,2.7
LS-F1,2.7
LS-F10,2.7
LS-F11,2.7
LS-F12,2.7
LS-F13,2.7
LS-F14,2.7
LS-F16,2.7
LS-F17,2.7
LS-F18,2.7
LS-F2,2.7
LS-F3,2.7
LS-F4,2.7
LS-F5,2.7
LS-F6,2.7
LS-F7,2.7
LS-F8,2.7
LS-F9,2.7
LS-G1,2.7
LS-G10,2.7
LS-G11,2.7
LS-G12,2.7
LS-G13,2.7
LS-G14,2.7
LS-G15,2.7
LS-G16,2.7
LS-G17,2.7
LS-G18,2.7
LS-G2,2.7
LS-G3,2.7
LS-G4,2.7
LS-G5,2.7
LS-G6,2.7
LS-G7,2.7
LS-G8,2.7
LS-G9,2.7
LS-H1,2.7
LS-H10,2.7
LS-H11,2.7
LS-H12,2.7
LS-H13,2.7
LS-H14,2.7
LS-H15,2.7
LS-H16,2.7
LS-H17,2.7
LS-H2,2.7
LS-H3,2.7
LS-H4,2.7
LS-H5,2.7
LS-H6,2.7
LS-H7,2.7
LS-H8,2.7
LS-H9,2.7
LS-I1,2.7
LS-I10,2.7
LS-I11,2.7
LS-I12,2.7
LS-I13,2.7
LS-I14,2.7
LS-I15,2.7
LS-I2,2.7
LS-I3,2.7
LS-I4,2.7
LS-I5,2.7
LS-I6,2.7
LS-I7,2.7
LS-I8,2.7
LS-I9,2.7
LS-J1,2.7
LS-J10,2.7
LS-J11,2.7
LS-J12,2.7
LS-J14,2.7
LS-J2,2.7
LS-J3,2.7
LS-J4,2.7
LS-J5,2.7
LS-J6,2.7
LS-J7,2.7
LS-J8,2.7
LS-J9,2.7
LS-K1,2.7
LS-K10,2.7
LS-K11,2.7
LS-K12,2.7
LS-K13,2.7
LS-K14,2.7
LS-K15,2.7
LS-K16,2.7
LS-K18,2.7
LS-K2,2.7
LS-K3,2.7
LS-K4,2.7
LS-K5,2.7
LS-K6,2.7
LS-K7,2.7
LS-K8,2.7
LS-K9,2.7
LS-L1,2.7
LS-L10,2.7
LS-L11,2.7
LS-L12,2.7
LS-L13,2.7
LS-L14,2.7
LS-L15,2.7
LS-L16,2.7
LS-L17,2.7
LS-L18,2.7
LS-L2,2.7
LS-L3,2.7
LS-L4,2.7
LS-L5,2.7
LS-L6,2.7
LS-L7,2.7
LS-L8,2.7
LS-L9,2.7
LS-M1,2.7
LS-M10,2.7
LS-M11,2.7
LS-M12,2.7
LS-M13,2.7
LS-M14,2.7
LS-M15,2.7
LS-M16,2.7
LS-M17,2.7
LS-M18,2.7
LS-M2,2.7
LS-M3,2.7
LS-M4,2.7
LS-M5,2.7
LS-M6,2.7
LS-M7,2.7
LS-M8,2.7
LS-M9,2.7
LS-N12,2.7
LS-N14,2.7
LS-N16,2.7
LS-N18,2.7
LS-N20,2.7
LS-N22,2.7
LS-N24,2.7
LS-N26,2.7
LS-N32,2.7
LS-N34,2.7
LS-N36,2.7
LS-N38,2.7
LS-N40,2.7
LS-N42,2.7
LS-N44,2.7
LS-N46,2.7
LS-N48,2.7
LS-O1,2.7
LS-O10,2.7
LS-O11,2.7
LS-O12,2.7
LS-O13,2.7
LS-O14,2.7
LS-O15,2.7
LS-O16,2.7
LS-O17,2.7
LS-O18,2.7
LS-O2,2.7
LS-O3,2.7
LS-O4,2.7
LS-O5,2.7
LS-O6,2.7
LS-O7,2.7
LS-O8,2.7
LS-O9,2.7
LS-P1,2.7
LS-P10,2.7
LS-P11,2.7
LS-P12,2.7
LS-P13,2.7
LS-P14,2.7
LS-P15,2.7
LS-P16,2.7
LS-P17,2.7
LS-P18,2.7
LS-P2,2.7
LS-P20,2.7
LS-P3,2.7
LS-P4,2.7
LS-P5,2.7
LS-P6,2.7
LS-P7,2.7
LS-P8,2.7
LS-P9,2.7
LS-Q1,2.7
LS-Q10,2.7
LS-Q11,2.7
LS-Q12,2.7
LS-Q13,2.7
LS-Q14,2.7
LS-Q15,2.7
LS-Q16,2.7
LS-Q17,2.7
LS-Q18,2.7
LS-Q19,2.7
LS-Q2,2.7
LS-Q20,2.7
LS-Q3,2.7
LS-Q4,2.7
LS-Q5,2.7
LS-Q6,2.7
LS-Q7,2.7
LS-Q8,2.7
LS-Q9,2.7
LS-R1,2.7
LS-R10,2.7
LS-R11,2.7
LS-R12,2.7
LS-R13,2.7
LS-R14,2.7
LS-R15,2.7
LS-R16,2.7
LS-R17,2.7
LS-R18,2.7
LS-R19,2.7
LS-R2,2.7
LS-R20,2.7
LS-R3,2.7
LS-R4,2.7
LS-R5,2.7
LS-R6,2.7
LS-R7,2.7
LS-R8,2.7
LS-R9,2.7
LS-S1,2.7
LS-S10,2.7
LS-S11,2.7
LS-S12,2.7
LS-S13,2.7
LS-S14,2.7
LS-S15,2.7
LS-S16,2.7
LS-S17,2.7
LS-S18,2.7
LS-S19,2.7
LS-S2,2.7
LS-S3,2.7
LS-S4,2.7
LS-S5,2.7
LS-S6,2.7
LS-S7,2.7
LS-S8,2.7
LS-S9,2.7
LS-T1,2.7
LS-T10,2.7
LS-T11,2.7
LS-T12,2.7
LS-T13,2.7
LS-T14,2.7
LS-T15,2.7
LS-T16,2.7
LS-T17,2.7
LS-T18,2.7
LS-T2,2.7
LS-T3,2.7
LS-T4,2.7
LS-T5,2.7
LS-T6,2.7
LS-T7,2.7
LS-T8,2.7
LS-T9,2.7
LS-U1,2.7
LS-U10,2.7
LS-U11,2.7
LS-U12,2.7
LS-U13,2.7
LS-U14,2.7
LS-U15,2.7
LS-U16,2.7
LS-U17,2.7
LS-U18,2.7
LS-U2,2.7
LS-U3,2.7
LS-U4,2.7
LS-U5,2.7
LS-U6,2.7
LS-U7,2.7
LS-U8,2.7
LS-U9,2.7
LS-V1,2.7
LS-V10,2.7
LS-V11,2.7
LS-V12,2.7
LS-V13,2.7
LS-V14,2.7
LS-V15,2.7
LS-V16,2.7
LS-V17,2.7
LS-V18,2.7
LS-V2,2.7
LS-V3,2.7
LS-V4,2.7
LS-V5,2.7
LS-V6,2.7
LS-V7,2.7
LS-V8,2.7
LS-V9,2.7
LS-W1,2.7
LS-W10,2.7
LS-W11,2.7
LS-W12,2.7
LS-W13,2.7
LS-W14,2.7
LS-W15,2.7
LS-W17,2.7
LS-W2,2.7
LS-W3,2.7
LS-W4,2.7
LS-W5,2.7
LS-W6,2.7
LS-W7,2.7
LS-W8,2.7
LS-W9,2.7
SS-A-41,0.7
SS-A-43,0.7
SS-A-45,0.7
SS-A-47,0.7
SS-A-49,0.7
SS-A-51,0.7
SS-A-53,0.7
SS-A-55,0.7
SS-A-57,0.7
SS-A-59,0.7
SS-A-61,0.7
SS-A-63,0.7
SS-A-65,0.7
SS-A-67,0.7
SS-A-69,0.7
SS-A-71,0.7
SS-A-73,0.7
SS-A10,0.7
SS-A12,0.7
SS-A14,0.7
SS-A16,0.7
SS-A18,0.7
SS-A2,0.7
SS-A20,0.7
SS-A22,0.7
SS-A24,0.7
SS-A26,0.7
SS-A28,0.7
SS-A30,0.7
SS-A32,0.7
SS-A34,0.7
SS-A36,0.7
SS-A4,0.7
SS-A6,0.7
SS-A8,0.7
SS-B1,0.7
SS-B10,0.7
SS-B11,0.7
SS-B12,0.7
SS-B13,0.7
SS-B14,0.7
SS-B15,0.7
SS-B16,0.7
SS-B17,0.7
SS-B18,0.7
SS-B19,0.7
SS-B2,0.7
SS-B20,0.7
SS-B21,0.7
SS-B22,0.7
SS-B23,0.7
SS-B24,0.7
SS-B25,0.7
SS-B26,0.7
SS-B27,0.7
SS-B28,0.7
SS-B29,0.7
SS-B3,0.7
SS-B30,0.7
SS-B31,0.7
SS-B32,0.7
SS-B33,0.7
SS-B34,0.7
SS-B35,0.7
SS-B36,0.7
SS-B4,0.7
SS-B5,0.7
SS-B6,0.7
SS-B7,0.7
SS-B8,0.7
SS-B9,0.7
SS-C1,0.7
SS-C10,0.7
SS-C11,0.7
SS-C12,0.7
SS-C13,0.7
SS-C14,0.7
SS-C15,0.7
SS-C16,0.7
SS-C17,0.7
SS-C18,0.7
SS-C19,0.7
SS-C2,0.7
SS-C20,0.7
SS-C21,0.7
SS-C22,0.7
SS-C23,0.7
SS-C24,0.7
SS-C25,0.7
SS-C26,0.7
SS-C27,0.7
SS-C28,0.7
SS-C29,0.7
SS-C3,0.7
SS-C30,0.7
SS-C31,0.7
SS-C32,0.7
SS-C33,0.7
SS-C34,0.7
SS-C35,0.7
SS-C36,0.7
SS-C4,0.7
SS-C5,0.7
SS-C6,0.7
SS-C7,0.7
SS-C8,0.7
SS-C9,0.7
SS-D1,0.7
SS-D10,0.7
SS-D11,0.7
SS-D12,0.7
SS-D13,0.7
SS-D14,0.7
SS-D15,0.7
SS-D16,0.7
SS-D17,0.7
SS-D18,0.7
SS-D19,0.7
SS-D2,0.7
SS-D20,0.7
SS-D21,0.7
SS-D22,0.7
SS-D23,0.7
SS-D24,0.7
SS-D25,0.7
SS-D26,0.7
SS-D27,0.7
SS-D28,0.7
SS-D29,0.7
SS-D3,0.7
SS-D30,0.7
SS-D31,0.7
SS-D32,0.7
SS-D33,0.7
SS-D34,0.7
SS-D35,0.7
SS-D36,0.7
SS-D4,0.7
SS-D5,0.7
SS-D6,0.7
SS-D7,0.7
SS-D8,0.7
SS-D9,0.7
SS-E1,0.7
SS-E10,0.7
SS-E11,0.7
SS-E12,0.7
SS-E13,0.7
SS-E14,0.7
SS-E15,0.7
SS-E16,0.7
SS-E17,0.70
SS-E18,0.70
SS-E19,0.70
SS-E2,0.70
SS-E20,0.70
SS-E21,0.70
SS-E22,0.70
SS-E23,0.70
SS-E24,0.70
SS-E25,0.70
SS-E26,0.70
SS-E27,0.70
SS-E28,0.70
SS-E29,0.70
SS-E3,0.70
SS-E30,0.70
SS-E31,0.70
SS-E32,0.70
SS-E33,0.70
SS-E34,0.70
SS-E35,0.70
SS-E36,0.70
SS-E4,0.70
SS-E5,0.70
SS-E6,0.70
SS-E7,0.70
SS-E8,0.70
SS-E9,0.70
SS-F1,0.70
SS-F10,0.70
SS-F11,0.70
SS-F12,0.70
SS-F13,0.70
SS-F14,0.70
SS-F15,0.70
SS-F16,0.70
SS-F17,0.70
SS-F18,0.70
SS-F19,0.70
SS-F2,0.70
SS-F20,0.70
SS-F21,0.70
SS-F22,0.70
SS-F23,0.70
SS-F24,0.70
SS-F25,0.70
SS-F26,0.70
SS-F27,0.70
SS-F28,0.70
SS-F29,0.70
SS-F3,0.70
SS-F30,0.70
SS-F31,0.70
SS-F32,0.70
SS-F33,0.70
SS-F34,0.70
SS-F35,0.70
SS-F36,0.70
SS-F4,0.70
SS-F5,0.70
SS-F6,0.70
SS-F7,0.70
SS-F8,0.70
SS-F9,0.70
SS-G1,0.70
SS-G10,0.70
SS-G11,0.70
SS-G12,0.70
SS-G13,0.70
SS-G14,0.70
SS-G15,0.70
SS-G16,0.70
SS-G17,0.70
SS-G18,0.70
SS-G19,0.70
SS-G2,0.70
SS-G20,0.70
SS-G21,0.70
SS-G22,0.70
SS-G23,0.70
SS-G24,0.70
SS-G25,0.70
SS-G26,0.70
SS-G27,0.70
SS-G29,0.70
SS-G3,0.70
SS-G30,0.70
SS-G31,0.70
SS-G32,0.70
SS-G33,0.70
SS-G34,0.70
SS-G35,0.70
SS-G36,0.70
SS-G4,0.70
SS-G5,0.70
SS-G6,0.70
SS-G7,0.70
SS-G8,0.70
SS-G9,0.70
SS-H1,0.70
SS-H10,0.70
SS-H11,0.70
SS-H12,0.70
SS-H13,0.70
SS-H14,0.70
SS-H15,0.70
SS-H16,0.70
SS-H17,0.70
SS-H18,0.70
SS-H19,0.70
SS-H2,0.70
SS-H20,0.70
SS-H21,0.70
SS-H22,0.70
SS-H23,0.70
SS-H24,0.70
SS-H25,0.70
SS-H26,0.70
SS-H27,0.70
SS-H28,0.70
SS-H29,0.70
SS-H3,0.70
SS-H30,0.70
SS-H31,0.70
SS-H32,0.70
SS-H33,0.70
SS-H34,0.70
SS-H35,0.70
SS-H36,0.70
SS-H4,0.70
SS-H5,0.70
SS-H6,0.70
SS-H7,0.70
SS-H8,0.70
SS-H9,0.70
SS-I1,0.70
SS-I10,0.70
SS-I11,0.70
SS-I12,0.70
SS-I13,0.70
SS-I14,0.70
SS-I15,0.70
SS-I16,0.70
SS-I17,0.70
SS-I18,0.70
SS-I19,0.70
SS-I2,0.70
SS-I20,0.70
SS-I21,0.70
SS-I22,0.70
SS-I23,0.70
SS-I24,0.70
SS-I25,0.70
SS-I26,0.70
SS-I27,0.70
SS-I28,0.70
SS-I29,0.70
SS-I3,0.70
SS-I30,0.70
SS-I31,0.70
SS-I32,0.70
SS-I33,0.70
SS-I34,0.70
SS-I35,0.70
SS-I36,0.70
SS-I4,0.70
SS-I5,0.70
SS-I6,0.70
SS-I7,0.70
SS-I8,0.70
SS-I9,0.70
SS-J1,0.70
SS-J10,0.70
SS-J11,0.70
SS-J12,0.70
SS-J13,0.70
SS-J14,0.70
SS-J15,0.70
SS-J16,0.70
SS-J17,0.70
SS-J18,0.70
SS-J19,0.70
SS-J2,0.70
SS-J20,0.70
SS-J21,0.70
SS-J22,0.70
SS-J23,0.70
SS-J24,0.70
SS-J25,0.70
SS-J26,0.70
SS-J27,0.70
SS-J28,0.70
SS-J29,0.70
SS-J3,0.70
SS-J30,0.70
SS-J31,0.70
SS-J32,0.70
SS-J33,0.70
SS-J34,0.70
SS-J35,0.70
SS-J4,0.70
SS-J5,0.70
SS-J6,0.70
SS-J7,0.70
SS-J8,0.70
SS-J9,0.70
SS-K1,0.70
SS-K10,0.70
SS-K11,0.70
SS-K12,0.70
SS-K13,0.70
SS-K14,0.70
SS-K15,0.70
SS-K16,0.70
SS-K17,0.70
SS-K18,0.70
SS-K19,0.70
SS-K2,0.70
SS-K20,0.70
SS-K21,0.70
SS-K22,0.70
SS-K23,0.70
SS-K24,0.70
SS-K25,0.70
SS-K26,0.70
SS-K27,0.70
SS-K28,0.70
SS-K29,0.70
SS-K3,0.70
SS-K30,0.70
SS-K31,0.70
SS-K32,0.70
SS-K33,0.70
SS-K34,0.7
SS-K4,0.7
SS-K5,0.7
SS-K6,0.7
SS-K7,0.7
SS-K8,0.7
SS-K9,0.7
SS-L1,0.7
SS-L10,0.7
SS-L11,0.7
SS-L12,0.7
SS-L13,0.7
SS-L14,0.7
SS-L15,0.7
SS-L16,0.7
SS-L17,0.7
SS-L18,0.7
SS-L19,0.7
SS-L2,0.7
SS-L20,0.7
SS-L21,0.7
SS-L22,0.7
SS-L23,0.7
SS-L24,0.7
SS-L25,0.7
SS-L26,0.7
SS-L27,0.7
SS-L28,0.7
SS-L29,0.7
SS-L3,0.7
SS-L30,0.7
SS-L31,0.7
SS-L32,0.7
SS-L33,0.7
SS-L34,0.7
SS-L4,0.7
SS-L5,0.7
SS-L6,0.7
SS-L7,0.7
SS-L8,0.7
SS-L9,0.7
SS-M1,0.7
SS-M10,0.7
SS-M11,0.7
SS-M12,0.7
SS-M13,0.7
SS-M14,0.7
SS-M15,0.7
SS-M16,0.7
SS-M17,0.7
SS-M18,0.7
SS-M19,0.7
SS-M2,0.7
SS-M20,0.7
SS-M21,0.7
SS-M22,0.7
SS-M23,0.7
SS-M24,0.7
SS-M25,0.7
SS-M26,0.7
SS-M27,0.7
SS-M28,0.7
SS-M29,0.7
SS-M3,0.7
SS-M30,0.7
SS-M31,0.7
SS-M32,0.7
SS-M33,0.7
SS-M4,0.7
SS-M5,0.7
SS-M6,0.7
SS-M7,0.7
SS-M8,0.7
SS-M9,0.7
SS-N10,0.7
SS-N11,0.7
SS-N12,0.7
SS-N13,0.7
SS-N14,0.7
SS-N15,0.7
SS-N16,0.7
SS-N17,0.7
SS-N18,0.7
SS-N19,0.7
SS-N20,0.7
SS-N21,0.7
SS-N22,0.7
SS-N23,0.7
SS-N24,0.7
SS-N25,0.7
SS-N26,0.7
SS-N27,0.7
SS-N28,0.7
SS-N29,0.7
SS-N3,0.7
SS-N30,0.7
SS-N31,0.7
SS-N32,0.7
SS-N34,0.7
SS-N4,0.7
SS-N5,0.7
SS-N6,0.7
SS-N7,0.7
SS-N8,0.7
SS-N9,0.7
SS-O1,0.7
SS-O10,0.7
SS-O11,0.7
SS-O12,0.7
SS-O13,0.7
SS-O14,0.7
SS-O15,0.7
SS-O16,0.7
SS-O17,0.7
SS-O18,0.7
SS-O19,0.7
SS-O2,0.7
SS-O20,0.7
SS-O21,0.7
SS-O22,0.7
SS-O23,0.7
SS-O24,0.7
SS-O25,0.7
SS-O26,0.7
SS-O27,0.7
SS-O28,0.7
SS-O29,0.7
SS-O3,0.7
SS-O30,0.7
SS-O31,0.7
SS-O32,0.7
SS-O33,0.7
SS-O34,0.7
SS-O4,0.7
SS-O5,0.7
SS-O6,0.7
SS-O7,0.7
SS-O8,0.7
SS-O9,0.7
SS-P10,0.7
SS-P11,0.7
SS-P12,0.7
SS-P13,0.7
SS-P15,0.7
SS-P16,0.7
SS-P17,0.7
SS-P18,0.7
SS-P19,0.7
SS-P2,0.7
SS-P20,0.7
SS-P21,0.7
SS-P22,0.7
SS-P23,0.7
SS-P24,0.7
SS-P25,0.7
SS-P26,0.7
SS-P27,0.7
SS-P28,0.7
SS-P29,0.7
SS-P30,0.7
SS-P31,0.7
SS-P32,0.7
SS-P33,0.7
SS-P34,0.7
SS-P35,0.7
SS-P36,0.7
SS-P4,0.7
SS-P5,0.7
SS-P6,0.7
SS-P7,0.7
SS-P8,0.7
SS-P9,0.7
SS-Q1,0.7
SS-Q10,0.7
SS-Q11,0.7
SS-Q12,0.7
SS-Q13,0.7
SS-Q14,0.7
SS-Q15,0.7
SS-Q16,0.7
SS-Q17,0.7
SS-Q18,0.7
SS-Q19,0.7
SS-Q2,0.7
SS-Q20,0.7
SS-Q21,0.7
SS-Q22,0.7
SS-Q23,0.7
SS-Q24,0.7
SS-Q25,0.7
SS-Q26,0.7
SS-Q27,0.7
SS-Q28,0.7
SS-Q29,0.7
SS-Q3,0.7
SS-Q30,0.7
SS-Q31,0.7
SS-Q32,0.7
SS-Q33,0.7
SS-Q34,0.7
SS-Q4,0.7
SS-Q5,0.7
SS-Q6,0.7
SS-Q7,0.7
SS-Q8,0.7
SS-Q9,0.7
SS-R1,1.06
SS-R10,1.06
SS-R11,1.06
SS-R12,1.06
SS-R13,1.06
SS-R14,1.06
SS-R15,1.06
SS-R16,1.06
SS-R17,1.06
SS-R18,1.06
SS-R19,1.06
SS-R2,1.06
SS-R20,1.06
SS-R21,1.06
SS-R22,1.06
SS-R23,1.06
SS-R24,1.06
SS-R25,1.06
SS-R26,1.06
SS-R27,1.06
SS-R28,1.06
SS-R29,1.06
SS-R3,1.06
SS-R30,1.06
SS-R31,1.06
SS-R32,1.06
SS-R33,1.06
SS-R34,1.06
SS-R36,1.06
SS-R4,1.06
SS-R5,1.06
SS-R6,1.06
SS-R7,1.06
SS-R8,1.06
SS-R9,1.06
SS-S1,1.06
SS-S10,1.06
SS-S11,1.06
SS-S12,1.06
SS-S13,1.06
SS-S14,1.06
SS-S15,1.06
SS-S16,1.06
SS-S17,1.06
SS-S18,1.06
SS-S19,1.06
SS-S2,1.06
SS-S20,1.06
SS-S21,1.06
SS-S22,1.06
SS-S23,1.06
SS-S24,1.06
SS-S25,1.06
SS-S26,1.06
SS-S27,1.06
SS-S28,1.06
SS-S29,1.06
SS-S3,1.06
SS-S30,1.06
SS-S31,1.06
SS-S32,1.06
SS-S33,1.06
SS-S34,1.06
SS-S35,1.06
SS-S36,1.06
SS-S4,1.06
SS-S5,1.06
SS-S6,1.06
SS-S7,1.06
SS-S8,1.06
SS-S9,1.06
SS-T1,1.06
SS-T10,1.06
SS-T11,1.06
SS-T12,1.06
SS-T13,1.06
SS-T14,1.06
SS-T15,1.06
SS-T16,1.06
SS-T17,1.06
SS-T18,1.06
SS-T19,1.06
SS-T2,1.06
SS-T20,1.06
SS-T21,1.06
SS-T22,1.06
SS-T23,1.06
SS-T24,1.06
SS-T25,1.06
SS-T26,1.06
SS-T28,1.06
SS-T29,1.06
SS-T3,1.06
SS-T30,1.06
SS-T31,1.06
SS-T32,1.06
SS-T33,1.06
SS-T34,1.06
SS-T35,1.06
SS-T36,1.06
SS-T4,1.06
SS-T5,1.06
SS-T6,1.06
SS-T7,1.06
SS-T8,1.06
SS-T9,1.06
SS-U1,1.06
SS-U10,1.06
SS-U11,1.06
SS-U12,1.06
SS-U13,1.06
SS-U14,1.06
SS-U15,1.06
SS-U16,1.06
SS-U17,1.06
SS-U18,1.06
SS-U19,1.06
SS-U2,1.06
SS-U20,1.06
SS-U21,1.06
SS-U22,1.06
SS-U23,1.06
SS-U24,1.06
SS-U25,1.06
SS-U26,1.06
SS-U27,1.06
SS-U28,1.06
SS-U29,1.06
SS-U3,1.06
SS-U30,1.06
SS-U31,1.06
SS-U32,1.06
SS-U33,1.06
SS-U34,1.06
SS-U35,1.06
SS-U36,1.06
SS-U4,1.06
SS-U5,1.06
SS-U6,1.06
SS-U7,1.06
SS-U8,1.06
SS-U9,1.06
SS-V1,1.06
SS-V10,1.06
SS-V11,1.06
SS-V12,1.06
SS-V13,1.06
SS-V14,1.06
SS-V15,1.06
SS-V16,1.06
SS-V17,1.06
SS-V18,1.06
SS-V19,1.06
SS-V2,1.06
SS-V20,1.06
SS-V21,1.06
SS-V22,1.06
SS-V23,1.06
SS-V24,1.06
SS-V25,1.06
SS-V26,1.06
SS-V27,1.06
SS-V28,1.06
SS-V29,1.06
SS-V3,1.06
SS-V30,1.06
SS-V31,1.06
SS-V32,1.06
SS-V33,1.06
SS-V34,1.06
SS-V35,1.06
SS-V36,1.06
SS-V4,1.06
SS-V5,1.06
SS-V6,1.06
SS-V7,1.06
SS-V8,1.06
SS-V9,1.06
SS-W1,1.06
SS-W10,1.06
SS-W11,1.06
SS-W12,1.06
SS-W13,1.06
SS-W14,1.06
SS-W15,1.06
SS-W16,1.06
SS-W17,1.06
SS-W18,1.06
SS-W19,1.06
SS-W2,1.06
SS-W20,1.06
SS-W21,1.06
SS-W22,1.06
SS-W23,1.06
SS-W24,1.06
SS-W25,1.06
SS-W26,1.06
SS-W27,1.06
SS-W28,1.06
SS-W29,1.06
SS-W3,1.06
SS-W30,1.06
SS-W31,1.06
SS-W32,1.06
SS-W33,1.06
SS-W34,1.06
SS-W35,1.06
SS-W36,1.06
SS-W4,1.06
SS-W5,1.06
SS-W6,1.06
SS-W7,1.06
SS-W8,1.06
SS-W9,1.06
SS-X1,1.06
SS-X10,1.06
SS-X11,1.06
SS-X12,1.06
SS-X13,1.06
SS-X14,1.06
SS-X15,1.06
SS-X16,1.06
SS-X17,1.06
SS-X18,1.06
SS-X19,1.06
SS-X2,1.06
SS-X20,1.06
SS-X21,1.06
SS-X22,1.06
SS-X23,1.06
SS-X24,1.06
SS-X25,1.06
SS-X26,1.06
SS-X27,1.06
SS-X28,1.06
SS-X29,1.06
SS-X3,1.06
SS-X30,1.06
SS-X31,1.06
SS-X32,1.06
SS-X33,1.06
SS-X34,1.06
SS-X35,1.06
SS-X36,1.06
SS-X4,1.06
SS-X5,1.06
SS-X6,1.06
SS-X7,1.06
SS-X8,1.06
SS-X9,1.06
SS-Y1,1.06
SS-Y11,1.06
SS-Y13,1.06
SS-Y15,1.06
SS-Y17,1.06
SS-Y19,1.06
SS-Y21,1.06
SS-Y23,1.06
SS-Y25,1.06
SS-Y27,1.06
SS-Y29,1.06
SS-Y3,1.06
SS-Y31,1.06
SS-Y33,1.06
SS-Y35,1.06
SS-Y5,1.06
SS-Y7,1.06
SS-Y9,1.06
WS-A-1,2.7
WS-A-10,2.7
WS-A-11,2.7
WS-A-12,2.7
WS-A-13,2.7
WS-A-14,2.7
WS-A-15,2.7
WS-A-16,2.7
WS-A-17,2.7
WS-A-18,2.7
WS-A-19,2.7
WS-A-2,2.7
WS-A-20,2.7
WS-A-21,2.7
WS-A-22,2.7
WS-A-3,2.7
WS-A-4,2.7
WS-A-5,2.7
WS-A-6,2.7
WS-A-7,2.7
WS-A-8,2.7
WS-A-9,2.7
WS-B-1,2.7
WS-B-10,2.7
WS-B-11,2.7
WS-B-12,2.7
WS-B-13,2.7
WS-B-14,2.7
WS-B-15,2.7
WS-B-16,2.7
WS-B-17,2.7
WS-B-18,2.7
WS-B-19,2.7
WS-B-2,2.7
WS-B-20,2.7
WS-B-21,2.7
WS-B-22,2.7
WS-B-3,2.7
WS-B-4,2.7
WS-B-5,2.7
WS-B-6,2.7
WS-B-7,2.7
WS-B-8,2.7
WS-B-9,2.7
WS-C-1,2.7
WS-C-10,2.7
WS-C-11,2.7
WS-C-12,2.7
WS-C-13,2.7
WS-C-14,2.7
WS-C-15,2.7
WS-C-16,2.7
WS-C-17,2.7
WS-C-18,2.7
WS-C-19,2.7
WS-C-2,2.7
WS-C-20,2.7
WS-C-21,2.7
WS-C-22,2.7
WS-C-3,2.7
WS-C-4,2.7
WS-C-5,2.7
WS-C-6,2.7
WS-C-7,2.7
WS-C-8,2.7
WS-C-9,2.7
WS-D-1,2.7
WS-D-10,2.7
WS-D-11,2.7
WS-D-12,2.7
WS-D-13,2.7
WS-D-14,2.7
WS-D-15,2.7
WS-D-16,2.7
WS-D-17,2.7
WS-D-18,2.7
WS-D-19,2.7
WS-D-2,2.7
WS-D-20,2.7
WS-D-21,2.7
WS-D-22,2.7
WS-D-3,2.7
WS-D-4,2.7
WS-D-5,2.7
WS-D-6,2.7
WS-D-7,2.7
WS-D-8,2.7
WS-D-9,2.7
WS-E-1,2.7
WS-E-11,2.7
WS-E-13,2.7
WS-E-15,2.7
WS-E-17,2.7
WS-E-19,2.7
WS-E-21,2.7
WS-E-3,2.7
WS-E-5,2.7
WS-E-7,2.7
WS-E-9,2.7
FPA-1,2.7
FPA-10,2.7
FPA-11,2.7
FPA-12,2.7
FPA-2,2.7
FPA-3,2.7
FPA-4,2.7
FPA-5,2.7
FPA-6,2.7
FPA-7,2.7
FPA-8,2.7
FPA-9,2.7
FPB-1,2.7
FPB-10,2.7
FPB-11,2.7
FPB-12,2.7
FPB-2,2.7
FPB-3,2.7
FPB-4,2.7
FPB-5,2.7
FPB-6,2.7
FPB-7,2.7
FPB-8,2.7
FPB-9,2.7
FPC-1,2.7
FPC-10,2.7
FPC-11,2.7
FPC-12,2.7
FPC-2,2.7
FPC-3,2.7
FPC-4,2.7
FPC-5,2.7
FPC-6,2.7
FPC-7,2.7
FPC-8,2.7
FPC-9,2.7
FPD-1,2.7
FPD-10,2.7
FPD-11,2.7
FPD-12,2.7
FPD-2,2.7
FPD-3,2.7
FPD-4,2.7
FPD-5,2.7
FPD-6,2.7
FPD-7,2.7
FPD-8,2.7
FPD-9,2.7
FPE-1,2.7
FPE-11,2.7
FPE-3,2.7
FPE-5,2.7
FPE-7,2.7

FPE-9,2.7

